slice_file_name,fsID,start,end,salience,fold,classID,class
208030-3-2-0.wav,208030,4.223703,5.471274,1,6,3,dog_bark
52633-3-0-8.wav,52633,4.0,8.0,1,8,3,dog_bark
52740-3-0-1.wav,52740,68.59769,72.59769,2,9,3,dog_bark
4201-3-0-0.wav,4201,0.104715,0.352725,2,2,3,dog_bark
190996-3-0-8.wav,190996,16.510494,20.510494,2,8,3,dog_bark
44831-3-1-0.wav,44831,10.038318,11.313835,2,3,3,dog_bark
34872-3-0-2.wav,34872,1.0,5.0,1,5,3,dog_bark
207124-3-1-0.wav,207124,2.736347,5.596604,1,3,3,dog_bark
72265-3-7-0.wav,72265,72.974715,76.974715,2,9,3,dog_bark
125554-3-0-0.wav,125554,0.572068,2.220842,1,6,3,dog_bark
66587-3-2-0.wav,66587,4.533271,5.049719,1,5,3,dog_bark
115411-3-2-0.wav,115411,15.322853,18.9426,2,7,3,dog_bark
36902-3-0-0.wav,36902,0.08998,0.877307,1,6,3,dog_bark
9031-3-1-0.wav,9031,5.55171,5.967569,1,1,3,dog_bark
81799-3-1-2.wav,81799,41.598534,45.598534,2,7,3,dog_bark
74950-3-2-4.wav,74950,13.592781,17.592781000000002,1,4,3,dog_bark
166421-3-0-31.wav,166421,15.5,19.5,1,2,3,dog_bark
73373-3-0-0.wav,73373,0.0,2.927007,1,3,3,dog_bark
57553-3-1-0.wav,57553,9.679885,11.932555,2,1,3,dog_bark
175915-3-1-8.wav,175915,123.071504,127.071504,2,9,3,dog_bark
26255-3-8-0.wav,26255,39.66359,40.252012,2,10,3,dog_bark
138015-3-0-7.wav,138015,3.5,7.5,1,1,3,dog_bark
180977-3-1-1.wav,180977,11.226049,15.226049,1,4,3,dog_bark
209672-3-0-0.wav,209672,0.735508,2.25906,1,10,3,dog_bark
155312-3-0-0.wav,155312,0.0,4.0,1,9,3,dog_bark
157695-3-0-2.wav,157695,1.0,5.0,1,4,3,dog_bark
117048-3-0-23.wav,117048,11.5,15.5,1,3,3,dog_bark
95536-3-0-2.wav,95536,1.0,5.0,2,6,3,dog_bark
76566-3-0-3.wav,76566,7.84312,11.84312,2,5,3,dog_bark
84317-3-0-0.wav,84317,0.0,2.5,1,4,3,dog_bark
178497-3-0-1.wav,178497,0.5,4.5,1,5,3,dog_bark
125791-3-0-13.wav,125791,6.5,10.5,1,1,3,dog_bark
34871-3-6-0.wav,34871,46.3792,50.3792,1,7,3,dog_bark
203440-3-0-5.wav,203440,26.009202,30.009202,2,1,3,dog_bark
180977-3-1-0.wav,180977,10.726049,14.726049,1,4,3,dog_bark
152588-3-0-0.wav,152588,0.386897,2.805001,1,9,3,dog_bark
4912-3-1-0.wav,4912,0.516166,0.859574,1,6,3,dog_bark
30832-3-1-0.wav,30832,11.085712,12.093504,2,4,3,dog_bark
76566-3-0-11.wav,76566,11.84312,15.84312,2,5,3,dog_bark
110918-3-0-1.wav,110918,0.5,4.5,1,7,3,dog_bark
176257-3-0-0.wav,176257,45.814379,49.814379,1,1,3,dog_bark
116485-3-0-4.wav,116485,2.0,6.0,1,7,3,dog_bark
174994-3-0-0.wav,174994,27.743475,31.743475,1,2,3,dog_bark
9031-3-2-0.wav,9031,6.7577,9.055317,1,1,3,dog_bark
173995-3-0-27.wav,173995,13.5,17.5,1,2,3,dog_bark
166268-3-1-0.wav,166268,0.940874,2.382484,1,1,3,dog_bark
7965-3-16-0.wav,7965,108.954389,110.833354,2,10,3,dog_bark
33641-3-7-0.wav,33641,17.74173,19.385669,1,9,3,dog_bark
19503-3-0-0.wav,19503,0.126733,4.087129,2,5,3,dog_bark
71312-3-0-2.wav,71312,135.37905,139.37905,2,10,3,dog_bark
29936-3-2-0.wav,29936,10.936539,13.11424,2,8,3,dog_bark
72724-3-2-9.wav,72724,34.29511,38.29511,1,4,3,dog_bark
161923-3-0-12.wav,161923,6.0,10.0,1,6,3,dog_bark
30226-3-1-3.wav,30226,6.695936,10.695936,1,8,3,dog_bark
102547-3-0-8.wav,102547,4.0,8.0,1,5,3,dog_bark
103076-3-2-0.wav,103076,10.265534,10.717475,1,8,3,dog_bark
34771-3-0-14.wav,34771,7.0,11.0,1,5,3,dog_bark
101281-3-0-14.wav,101281,7.341333,11.341333,2,6,3,dog_bark
155488-3-3-1.wav,155488,147.923873,151.923873,2,6,3,dog_bark
69661-3-0-23.wav,69661,11.5,15.5,1,10,3,dog_bark
173994-3-0-45.wav,173994,22.5,26.5,1,4,3,dog_bark
110389-3-0-0.wav,110389,0.0,0.552041,1,9,3,dog_bark
24965-3-0-0.wav,24965,0.0,0.500483,1,7,3,dog_bark
155311-3-0-0.wav,155311,0.0,3.691973,1,10,3,dog_bark
33696-3-0-0.wav,33696,5.538044,8.307066,2,3,3,dog_bark
4918-3-3-0.wav,4918,4.8672,5.2832,1,8,3,dog_bark
4201-3-2-0.wav,4201,1.818737,2.171462,2,2,3,dog_bark
72538-3-0-4.wav,72538,4.101978,8.101977999999999,1,10,3,dog_bark
114280-3-0-1.wav,114280,0.5,4.5,1,8,3,dog_bark
24965-3-1-0.wav,24965,1.304201,1.857676,1,7,3,dog_bark
117072-3-0-8.wav,117072,5.328188,9.328188,1,3,3,dog_bark
203356-3-0-0.wav,203356,37.465647,41.465647,2,1,3,dog_bark
31323-3-0-20.wav,31323,10.492016,14.492016,2,1,3,dog_bark
52740-3-0-2.wav,52740,69.09769,73.09769,2,9,3,dog_bark
173993-3-0-52.wav,173993,26.0,30.0,1,5,3,dog_bark
173993-3-0-25.wav,173993,12.5,16.5,1,5,3,dog_bark
41306-3-0-13.wav,41306,6.5,10.5,2,10,3,dog_bark
108187-3-2-0.wav,108187,15.751454,16.246588,2,2,3,dog_bark
31323-3-0-2.wav,31323,1.492016,5.492016,2,1,3,dog_bark
17486-3-2-0.wav,17486,4.757279,5.700076,1,10,3,dog_bark
44831-3-2-0.wav,44831,20.35725,21.81134,2,3,3,dog_bark
112195-3-0-80.wav,112195,40.0,44.0,1,2,3,dog_bark
165567-3-4-0.wav,165567,29.347624,31.26,2,9,3,dog_bark
113785-3-0-0.wav,113785,0.259572,0.703092,1,2,3,dog_bark
175915-3-0-3.wav,175915,4.759606,8.759606,2,9,3,dog_bark
26255-3-6-0.wav,26255,27.82535,28.543424,2,10,3,dog_bark
97756-3-0-0.wav,97756,0.141727,1.290466,1,10,3,dog_bark
51022-3-7-0.wav,51022,14.201777,15.292682,2,1,3,dog_bark
55013-3-0-3.wav,55013,1.5,5.5,2,8,3,dog_bark
17615-3-0-6.wav,17615,38.115512,42.115512,2,3,3,dog_bark
183992-3-0-6.wav,183992,3.0,7.0,1,7,3,dog_bark
197073-3-3-0.wav,197073,6.653365,7.610753,1,1,3,dog_bark
208030-3-4-0.wav,208030,7.771013,10.897455,1,6,3,dog_bark
155488-3-0-6.wav,155488,34.470139,38.470139,2,6,3,dog_bark
63261-3-0-1.wav,63261,0.5,4.5,1,2,3,dog_bark
19496-3-0-0.wav,19496,32.082004,36.082004,2,3,3,dog_bark
57596-3-1-0.wav,57596,5.921045,9.921045,2,7,3,dog_bark
116483-3-0-1.wav,116483,0.5,4.5,1,9,3,dog_bark
112195-3-0-38.wav,112195,19.0,23.0,1,2,3,dog_bark
69883-3-0-5.wav,69883,4.179208,8.179208,2,2,3,dog_bark
187110-2-0-27.wav,187110,13.5,17.5,1,10,2,children_playing
31150-2-0-1.wav,31150,0.5,4.5,2,5,2,children_playing
31150-2-0-2.wav,31150,1.0,5.0,2,5,2,children_playing
197554-2-0-74.wav,197554,47.850495,51.850495,1,10,2,children_playing
175296-2-0-3.wav,175296,1.5,5.5,1,7,2,children_playing
204526-2-0-121.wav,204526,60.5,64.5,1,8,2,children_playing
196070-2-0-3.wav,196070,1.5,5.5,1,7,2,children_playing
186334-2-0-33.wav,186334,16.5,20.5,1,3,2,children_playing
66619-2-0-18.wav,66619,27.004678,31.004678,2,7,2,children_playing
137971-2-0-8.wav,137971,7.919268000000001,11.919268,2,4,2,children_playing
54914-2-0-27.wav,54914,13.5,17.5,2,8,2,children_playing
129750-2-0-34.wav,129750,17.0,21.0,2,10,2,children_playing
196077-2-0-1.wav,196077,0.5,4.5,1,6,2,children_playing
9223-2-0-2.wav,9223,1.0,5.0,1,3,2,children_playing
82368-2-0-30.wav,82368,15.0,19.0,1,6,2,children_playing
76221-2-0-5.wav,76221,2.5,6.5,1,3,2,children_playing
160016-2-0-13.wav,160016,6.5,10.5,2,8,2,children_playing
71173-2-0-24.wav,71173,12.0,16.0,2,5,2,children_playing
46299-2-0-22.wav,46299,11.0,15.0,2,6,2,children_playing
165067-2-0-112.wav,165067,56.0,60.0,2,1,2,children_playing
190894-2-0-8.wav,190894,4.0,8.0,1,9,2,children_playing
151149-2-0-4.wav,151149,2.0,6.0,2,3,2,children_playing
172593-2-0-18.wav,172593,9.0,13.0,1,2,2,children_playing
188497-2-0-1.wav,188497,0.5,4.5,1,10,2,children_playing
155263-2-0-43.wav,155263,21.5,25.5,2,3,2,children_playing
158597-2-0-3.wav,158597,2.668347,6.668347,2,2,2,children_playing
133494-2-0-22.wav,133494,11.0,15.0,1,6,2,children_playing
97331-2-0-20.wav,97331,10.0,14.0,1,6,2,children_playing
76266-2-0-46.wav,76266,23.0,27.0,2,8,2,children_playing
84143-2-0-7.wav,84143,3.5,7.5,2,7,2,children_playing
169045-2-0-0.wav,169045,0.0,4.0,1,6,2,children_playing
138031-2-0-22.wav,138031,11.0,15.0,1,1,2,children_playing
196068-2-0-1.wav,196068,0.5,4.5,1,8,2,children_playing
184449-2-0-24.wav,184449,12.0,16.0,1,9,2,children_playing
172593-2-0-14.wav,172593,7.0,11.0,1,2,2,children_playing
155262-2-0-101.wav,155262,50.5,54.5,2,10,2,children_playing
206037-2-0-22.wav,206037,11.0,15.0,2,4,2,children_playing
193697-2-0-110.wav,193697,55.0,59.0,2,6,2,children_playing
76266-2-0-40.wav,76266,20.0,24.0,2,8,2,children_playing
116423-2-0-4.wav,116423,2.0,6.0,1,6,2,children_playing
165529-2-0-70.wav,165529,35.0,39.0,2,7,2,children_playing
133090-2-0-64.wav,133090,32.0,36.0,1,8,2,children_playing
164797-2-0-29.wav,164797,48.669581,52.669581,2,7,2,children_playing
9223-2-0-4.wav,9223,2.0,6.0,1,3,2,children_playing
162318-2-0-39.wav,162318,19.5,23.5,1,5,2,children_playing
160011-2-0-5.wav,160011,4.5841270000000005,8.584127,2,2,2,children_playing
81787-2-0-49.wav,81787,24.5,28.5,2,8,2,children_playing
193699-2-0-46.wav,193699,23.0,27.0,2,8,2,children_playing
178520-2-0-11.wav,178520,5.5,9.5,1,2,2,children_playing
60591-2-0-4.wav,60591,2.0,6.0,1,2,2,children_playing
192269-2-0-35.wav,192269,17.5,21.5,1,2,2,children_playing
71173-2-0-103.wav,71173,51.5,55.5,2,5,2,children_playing
160009-2-0-47.wav,160009,23.5,27.5,1,1,2,children_playing
192382-2-0-66.wav,192382,33.0,37.0,1,4,2,children_playing
104327-2-0-4.wav,104327,2.0,6.0,2,6,2,children_playing
104421-2-0-7.wav,104421,3.5,7.5,2,5,2,children_playing
196066-2-0-0.wav,196066,0.0,4.0,1,9,2,children_playing
101382-2-0-20.wav,101382,10.0,14.0,1,10,2,children_playing
155280-2-0-7.wav,155280,5.612855,9.612855,2,10,2,children_playing
58857-2-0-16.wav,58857,8.0,12.0,2,3,2,children_playing
162318-2-0-25.wav,162318,12.5,16.5,1,5,2,children_playing
109703-2-0-50.wav,109703,25.0,29.0,2,2,2,children_playing
190894-2-0-0.wav,190894,0.0,4.0,1,9,2,children_playing
155263-2-0-34.wav,155263,17.0,21.0,2,3,2,children_playing
193699-2-0-69.wav,193699,34.5,38.5,2,8,2,children_playing
206037-2-0-40.wav,206037,20.0,24.0,2,4,2,children_playing
204067-2-0-1.wav,204067,0.5,4.5,1,9,2,children_playing
6902-2-0-26.wav,6902,13.0,17.0,1,7,2,children_playing
129356-2-0-118.wav,129356,59.0,63.0,2,6,2,children_playing
190894-2-0-2.wav,190894,1.0,5.0,1,9,2,children_playing
135776-2-0-32.wav,135776,16.0,20.0,2,1,2,children_playing
182800-2-3-1.wav,182800,56.474271,60.474271,1,1,2,children_playing
193698-2-0-113.wav,193698,56.5,60.5,2,1,2,children_playing
31150-2-0-24.wav,31150,12.0,16.0,2,5,2,children_playing
161005-2-0-28.wav,161005,14.0,18.0,2,9,2,children_playing
161005-2-0-14.wav,161005,7.0,11.0,2,9,2,children_playing
196087-2-0-0.wav,196087,0.0,4.0,1,1,2,children_playing
105415-2-0-8.wav,105415,4.0,8.0,1,1,2,children_playing
193698-2-0-112.wav,193698,56.0,60.0,2,1,2,children_playing
164194-2-0-24.wav,164194,71.864282,75.864282,1,10,2,children_playing
204526-2-0-134.wav,204526,67.0,71.0,1,8,2,children_playing
123399-2-0-83.wav,123399,41.5,45.5,1,3,2,children_playing
160011-2-0-3.wav,160011,3.584127,7.584127,2,2,2,children_playing
123399-2-0-91.wav,123399,45.5,49.5,1,3,2,children_playing
165067-2-0-111.wav,165067,55.5,59.5,2,1,2,children_playing
190894-2-0-7.wav,190894,3.5,7.5,1,9,2,children_playing
99500-2-0-41.wav,99500,20.5,24.5,2,9,2,children_playing
207214-2-0-126.wav,207214,63.0,67.0,2,8,2,children_playing
36429-2-0-15.wav,36429,7.5,11.5,2,8,2,children_playing
165529-2-0-6.wav,165529,3.0,7.0,2,7,2,children_playing
174032-2-0-4.wav,174032,2.0,6.0,1,4,2,children_playing
178521-2-0-7.wav,178521,3.5,7.5,1,2,2,children_playing
187110-2-0-30.wav,187110,15.0,19.0,1,10,2,children_playing
155280-2-0-3.wav,155280,3.612855,7.612855,2,10,2,children_playing
52882-2-0-0.wav,52882,0.0,4.0,1,6,2,children_playing
177756-2-0-4.wav,177756,2.0,6.0,1,4,2,children_playing
46299-2-0-8.wav,46299,4.0,8.0,2,6,2,children_playing
132855-2-0-88.wav,132855,44.0,48.0,2,3,2,children_playing
123399-2-0-5.wav,123399,2.5,6.5,1,3,2,children_playing
59037-2-1-3.wav,59037,24.945803,28.945803,2,9,2,children_playing
99812-1-0-1.wav,99812,38.676254,42.676254,2,7,1,car_horn
17074-1-0-0.wav,17074,3.540527,4.403714,2,10,1,car_horn
199769-1-0-6.wav,199769,3.848273,7.848273,1,3,1,car_horn
132073-1-4-0.wav,132073,8.310243,9.094228,2,2,1,car_horn
72567-1-4-7.wav,72567,58.18067,62.18067,2,2,1,car_horn
72259-1-0-2.wav,72259,1.0,5.0,2,5,1,car_horn
187356-1-2-0.wav,187356,28.471474,32.471474,2,4,1,car_horn
18594-1-6-0.wav,18594,77.175828,77.611488,1,3,1,car_horn
199769-1-0-11.wav,199769,6.348273,10.348273,1,3,1,car_horn
199769-1-0-4.wav,199769,2.848273,6.848273,1,3,1,car_horn
89679-1-0-0.wav,89679,20.28993,21.585583,2,7,1,car_horn
162728-1-0-0.wav,162728,2.778806,3.200719,1,7,1,car_horn
24074-1-0-9.wav,24074,17.560993,21.560993,1,1,1,car_horn
72259-1-9-14.wav,72259,231.438833,235.438833,2,5,1,car_horn
143115-1-4-0.wav,143115,58.001372,58.353505,2,6,1,car_horn
185436-1-3-0.wav,185436,161.946964,164.636643,2,5,1,car_horn
72567-1-2-3.wav,72567,34.253993,38.253993,2,2,1,car_horn
164626-1-0-0.wav,164626,0.811901,1.586686,1,8,1,car_horn
118496-1-0-0.wav,118496,1.394779,1.649762,2,3,1,car_horn
72259-1-10-0.wav,72259,268.249294,272.249294,2,5,1,car_horn
72259-1-10-14.wav,72259,275.249294,279.249294,2,5,1,car_horn
72259-1-7-8.wav,72259,147.281751,151.281751,2,5,1,car_horn
72259-1-10-1.wav,72259,268.749294,272.749294,2,5,1,car_horn
156091-1-0-0.wav,156091,1.175595,2.9223,2,7,1,car_horn
185436-1-2-0.wav,185436,97.394678,99.942794,2,5,1,car_horn
24074-1-0-7.wav,24074,16.560993,20.560993,1,1,1,car_horn
185436-1-7-0.wav,185436,249.998548,251.272606,2,5,1,car_horn
7389-1-4-12.wav,7389,166.761242,170.761242,2,4,1,car_horn
54187-1-0-1.wav,54187,0.689361,4.689361,1,9,1,car_horn
7389-1-2-0.wav,7389,78.753483,82.753483,2,4,1,car_horn
180156-1-5-0.wav,180156,15.796298,17.414627,2,9,1,car_horn
77509-1-0-0.wav,77509,2.967344,3.557308,2,5,1,car_horn
72259-1-7-0.wav,72259,143.281751,147.281751,2,5,1,car_horn
175852-1-0-0.wav,175852,0.099252,1.234139,1,8,1,car_horn
99812-1-2-0.wav,99812,159.522205,163.522205,2,7,1,car_horn
171249-1-0-0.wav,171249,6.670459,7.433059,2,4,1,car_horn
28808-1-0-1.wav,28808,0.5,4.5,1,10,1,car_horn
72567-1-4-0.wav,72567,54.68067,58.68067,2,2,1,car_horn
7389-1-4-10.wav,7389,165.761242,169.761242,2,4,1,car_horn
99812-1-3-0.wav,99812,181.142431,183.284976,2,7,1,car_horn
28808-1-1-1.wav,28808,27.78857,31.78857,2,10,1,car_horn
18594-1-2-0.wav,18594,43.782548,43.982489,2,3,1,car_horn
171249-1-1-0.wav,171249,11.144995,11.723836,2,4,1,car_horn
184805-0-0-104.wav,184805,52.0,56.0,2,6,0,air_conditioner
47160-0-0-3.wav,47160,1.556394,5.556394,1,6,0,air_conditioner
50901-0-1-0.wav,50901,9.021096,13.021096,1,1,0,air_conditioner
195969-0-0-22.wav,195969,294.48561,298.48561,2,4,0,air_conditioner
177726-0-0-28.wav,177726,14.0,18.0,2,8,0,air_conditioner
202516-0-0-5.wav,202516,2.5,6.5,1,7,0,air_conditioner
189987-0-0-0.wav,189987,0.0,4.0,1,7,0,air_conditioner
178686-0-0-67.wav,178686,33.5,37.5,2,5,0,air_conditioner
73524-0-0-74.wav,73524,37.0,41.0,1,10,0,air_conditioner
134717-0-0-8.wav,134717,4.0,8.0,1,1,0,air_conditioner
59277-0-0-6.wav,59277,3.0,7.0,1,1,0,air_conditioner
121286-0-0-13.wav,121286,6.5,10.5,1,5,0,air_conditioner
189988-0-0-5.wav,189988,2.5,6.5,1,9,0,air_conditioner
80589-0-0-2.wav,80589,1.0,5.0,1,8,0,air_conditioner
75743-0-0-4.wav,75743,2.0,6.0,2,9,0,air_conditioner
74677-0-0-2.wav,74677,1.0,5.0,2,8,0,air_conditioner
151977-0-0-9.wav,151977,4.966587,8.966587,1,1,0,air_conditioner
74507-0-0-3.wav,74507,1.5,5.5,1,2,0,air_conditioner
55018-0-0-148.wav,55018,78.041583,82.041583,1,4,0,air_conditioner
165454-0-0-4.wav,165454,2.0,6.0,1,9,0,air_conditioner
184805-0-0-88.wav,184805,44.0,48.0,2,6,0,air_conditioner
146709-0-0-30.wav,146709,15.0,19.0,1,4,0,air_conditioner
177621-0-0-104.wav,177621,52.0,56.0,2,1,0,air_conditioner
184805-0-0-27.wav,184805,13.5,17.5,2,6,0,air_conditioner
146714-0-0-6.wav,146714,3.0,7.0,2,3,0,air_conditioner
146845-0-0-33.wav,146845,16.5,20.5,1,7,0,air_conditioner
13230-0-0-23.wav,13230,11.5,15.5,1,3,0,air_conditioner
83502-0-0-6.wav,83502,3.0,7.0,2,10,0,air_conditioner
74677-0-0-3.wav,74677,1.5,5.5,2,8,0,air_conditioner
79089-0-0-122.wav,79089,70.664375,74.664375,2,9,0,air_conditioner
167464-0-0-13.wav,167464,6.5,10.5,2,10,0,air_conditioner
146690-0-0-112.wav,146690,56.0,60.0,1,2,0,air_conditioner
189985-0-0-3.wav,189985,1.5,5.5,1,10,0,air_conditioner
178686-0-0-42.wav,178686,21.0,25.0,2,5,0,air_conditioner
177621-0-0-100.wav,177621,50.0,54.0,2,1,0,air_conditioner
146714-0-0-36.wav,146714,18.0,22.0,2,3,0,air_conditioner
204240-0-0-11.wav,204240,5.5,9.5,1,6,0,air_conditioner
189981-0-0-17.wav,189981,8.5,12.5,1,7,0,air_conditioner
74677-0-0-28.wav,74677,14.0,18.0,2,8,0,air_conditioner
119067-0-0-1.wav,119067,0.5,4.5,1,10,0,air_conditioner
166942-0-0-11.wav,166942,5.5,9.5,1,4,0,air_conditioner
13230-0-0-17.wav,13230,8.5,12.5,1,3,0,air_conditioner
165454-0-0-0.wav,165454,0.0,4.0,1,9,0,air_conditioner
80589-0-0-3.wav,80589,1.5,5.5,1,8,0,air_conditioner
162103-0-0-13.wav,162103,6.5,10.5,1,8,0,air_conditioner
151977-0-0-6.wav,151977,3.466587,7.466587,1,1,0,air_conditioner
75743-0-0-12.wav,75743,6.0,10.0,2,9,0,air_conditioner
189982-0-0-23.wav,189982,11.5,15.5,1,10,0,air_conditioner
177729-0-0-42.wav,177729,21.0,25.0,2,7,0,air_conditioner
63724-0-0-9.wav,63724,4.5,8.5,2,6,0,air_conditioner
189023-0-0-5.wav,189023,2.5,6.5,1,2,0,air_conditioner
74507-0-0-24.wav,74507,12.0,16.0,1,2,0,air_conditioner
147926-0-0-44.wav,147926,22.0,26.0,1,2,0,air_conditioner
189981-0-0-11.wav,189981,5.5,9.5,1,7,0,air_conditioner
100852-0-0-3.wav,100852,1.5,5.5,1,5,0,air_conditioner
100852-0-0-9.wav,100852,4.5,8.5,1,5,0,air_conditioner
189982-0-0-7.wav,189982,3.5,7.5,1,10,0,air_conditioner
100852-0-0-18.wav,100852,9.0,13.0,1,5,0,air_conditioner
146845-0-0-18.wav,146845,9.0,13.0,1,7,0,air_conditioner
62461-0-0-3.wav,62461,11.539159,15.539159,1,4,0,air_conditioner
162103-0-0-10.wav,162103,5.0,9.0,1,8,0,air_conditioner
101729-0-0-4.wav,101729,2.0,6.0,2,9,0,air_conditioner
184805-0-0-63.wav,184805,31.5,35.5,2,6,0,air_conditioner
146714-0-0-58.wav,146714,29.0,33.0,2,3,0,air_conditioner
189982-0-0-3.wav,189982,1.5,5.5,1,10,0,air_conditioner
204240-0-0-16.wav,204240,8.0,12.0,1,6,0,air_conditioner
195969-0-0-25.wav,195969,295.98561,299.98561,2,4,0,air_conditioner
74507-0-0-10.wav,74507,5.0,9.0,1,2,0,air_conditioner
121285-0-0-9.wav,121285,4.5,8.5,1,6,0,air_conditioner
184805-0-0-64.wav,184805,32.0,36.0,2,6,0,air_conditioner
13230-0-0-3.wav,13230,1.5,5.5,1,3,0,air_conditioner
178686-0-0-3.wav,178686,1.5,5.5,2,5,0,air_conditioner
189981-0-0-7.wav,189981,3.5,7.5,1,7,0,air_conditioner
50901-0-1-1.wav,50901,9.521096,13.521096,1,1,0,air_conditioner
159761-0-0-7.wav,159761,3.5,7.5,2,3,0,air_conditioner
159761-0-0-4.wav,159761,2.0,6.0,2,3,0,air_conditioner
195969-0-0-14.wav,195969,290.48561,294.48561,2,4,0,air_conditioner
101729-0-0-19.wav,101729,9.5,13.5,2,9,0,air_conditioner
189981-0-0-6.wav,189981,3.0,7.0,1,7,0,air_conditioner
162103-0-0-5.wav,162103,2.5,6.5,1,8,0,air_conditioner
202516-0-0-6.wav,202516,3.0,7.0,1,7,0,air_conditioner
121285-0-0-5.wav,121285,2.5,6.5,1,6,0,air_conditioner
151977-0-0-4.wav,151977,2.466587,6.4665870000000005,1,1,0,air_conditioner
121285-0-0-6.wav,121285,3.0,7.0,1,6,0,air_conditioner
165454-0-0-3.wav,165454,1.5,5.5,1,9,0,air_conditioner
184805-0-0-82.wav,184805,41.0,45.0,2,6,0,air_conditioner
85569-0-0-8.wav,85569,4.0,8.0,1,5,0,air_conditioner
204240-0-0-6.wav,204240,3.0,7.0,1,6,0,air_conditioner
54383-0-0-9.wav,54383,4.5,8.5,1,8,0,air_conditioner
166942-0-0-10.wav,166942,5.0,9.0,1,4,0,air_conditioner
177621-0-0-27.wav,177621,13.5,17.5,2,1,0,air_conditioner
177729-0-0-82.wav,177729,41.0,45.0,2,7,0,air_conditioner
184805-0-0-112.wav,184805,56.0,60.0,2,6,0,air_conditioner
146845-0-0-15.wav,146845,7.5,11.5,1,7,0,air_conditioner
57320-0-0-24.wav,57320,12.0,16.0,2,1,0,air_conditioner
177729-0-0-3.wav,177729,1.5,5.5,2,7,0,air_conditioner
55018-0-0-2.wav,55018,5.041583,9.041583,1,4,0,air_conditioner
127873-0-0-0.wav,127873,0.0,2.04075,1,1,0,air_conditioner
121285-0-0-2.wav,121285,1.0,5.0,1,6,0,air_conditioner
63724-0-0-13.wav,63724,6.5,10.5,2,6,0,air_conditioner
194458-9-0-34.wav,194458,17.0,21.0,2,4,9,street_music
61790-9-1-20.wav,61790,59.060201,63.060201,1,4,9,street_music
61791-9-1-41.wav,61791,76.03244699999999,80.03244699999999,1,3,9,street_music
41364-9-0-27.wav,41364,13.5,17.5,1,8,9,street_music
172315-9-0-224.wav,172315,112.0,116.0,2,3,9,street_music
44325-9-0-18.wav,44325,9.0,13.0,2,6,9,street_music
36263-9-0-13.wav,36263,7.976496,11.976496,2,5,9,street_music
194310-9-0-8.wav,194310,4.0,8.0,2,9,9,street_music
78326-9-0-6.wav,78326,3.0,7.0,2,3,9,street_music
132016-9-0-14.wav,132016,53.661108,57.661108,2,1,9,street_music
74850-9-0-11.wav,74850,5.5,9.5,2,7,9,street_music
115242-9-0-68.wav,115242,34.0,38.0,1,7,9,street_music
36264-9-0-7.wav,36264,3.5,7.5,1,7,9,street_music
98681-9-0-5.wav,98681,2.5,6.5,2,3,9,street_music
96475-9-0-5.wav,96475,2.5,6.5,1,2,9,street_music
89443-9-0-16.wav,89443,8.0,12.0,1,7,9,street_music
155212-9-1-75.wav,155212,169.667185,173.667185,1,6,9,street_music
83196-9-0-3.wav,83196,1.5,5.5,1,5,9,street_music
66324-9-0-54.wav,66324,27.0,31.0,2,8,9,street_music
161702-9-0-26.wav,161702,13.0,17.0,1,1,9,street_music
194910-9-0-65.wav,194910,32.5,36.5,1,5,9,street_music
138473-9-0-5.wav,138473,4.023034,8.023033999999999,2,3,9,street_music
171184-9-0-23.wav,171184,11.5,15.5,2,7,9,street_music
194732-9-0-171.wav,194732,79.735978,83.735978,1,1,9,street_music
14527-9-0-5.wav,14527,10.096771,14.096771,2,9,9,street_music
149255-9-0-0.wav,149255,0.0,4.0,1,9,9,street_music
117889-9-0-39.wav,117889,21.46625,25.46625,2,10,9,street_music
99179-9-0-53.wav,99179,26.5,30.5,1,8,9,street_music
89443-9-0-48.wav,89443,24.0,28.0,1,7,9,street_music
96921-9-0-1.wav,96921,0.5,4.5,1,9,9,street_music
16860-9-0-30.wav,16860,16.989099,20.989099,1,8,9,street_music
132016-9-0-6.wav,132016,49.661108,53.661108,2,1,9,street_music
35549-9-0-28.wav,35549,14.0,18.0,2,4,9,street_music
189825-9-0-3.wav,189825,1.5,5.5,1,8,9,street_music
171184-9-0-19.wav,171184,9.5,13.5,2,7,9,street_music
14386-9-0-20.wav,14386,10.0,14.0,1,8,9,street_music
49485-9-0-24.wav,49485,14.24779,18.24779,1,3,9,street_music
21684-9-0-39.wav,21684,19.5,23.5,1,1,9,street_music
89443-9-0-2.wav,89443,1.0,5.0,1,7,9,street_music
115239-9-0-5.wav,115239,2.5,6.5,1,5,9,street_music
164344-9-0-39.wav,164344,19.5,23.5,1,5,9,street_music
115418-9-0-6.wav,115418,3.0,7.0,1,10,9,street_music
155243-9-0-55.wav,155243,27.5,31.5,2,5,9,street_music
98681-9-0-6.wav,98681,3.0,7.0,2,3,9,street_music
155241-9-0-8.wav,155241,25.291549,29.291549,1,10,9,street_music
155212-9-0-13.wav,155212,105.384208,109.384208,2,6,9,street_music
94631-9-0-16.wav,94631,8.0,12.0,1,3,9,street_music
31973-9-0-43.wav,31973,21.5,25.5,2,6,9,street_music
178099-9-0-12.wav,178099,6.0,10.0,1,5,9,street_music
77769-9-0-17.wav,77769,8.5,12.5,2,3,9,street_music
203654-9-0-39.wav,203654,19.5,23.5,2,5,9,street_music
83196-9-0-10.wav,83196,5.0,9.0,1,5,9,street_music
155044-9-0-19.wav,155044,9.5,13.5,1,9,9,street_music
21683-9-0-34.wav,21683,27.598564,31.598564,1,7,9,street_music
108041-9-0-7.wav,108041,3.5,7.5,1,1,9,street_music
108357-9-0-49.wav,108357,24.5,28.5,1,5,9,street_music
35548-9-2-7.wav,35548,186.735294,190.735294,2,6,9,street_music
105425-9-0-14.wav,105425,7.0,11.0,1,5,9,street_music
147491-9-0-5.wav,147491,2.5,6.5,2,10,9,street_music
76568-9-0-13.wav,76568,152.293891,156.293891,2,4,9,street_music
155241-9-0-56.wav,155241,49.291549,53.291549,1,10,9,street_music
115239-9-0-0.wav,115239,0.0,4.0,1,5,9,street_music
194841-9-0-178.wav,194841,89.0,93.0,1,2,9,street_music
14527-9-0-4.wav,14527,9.596771,13.596771,2,9,9,street_music
31973-9-0-57.wav,31973,28.5,32.5,2,6,9,street_music
52411-9-0-6.wav,52411,3.0,7.0,2,9,9,street_music
42953-9-0-21.wav,42953,10.5,14.5,1,9,9,street_music
79377-9-0-8.wav,79377,4.0,8.0,2,2,9,street_music
115241-9-0-6.wav,115241,3.0,7.0,1,10,9,street_music
194841-9-0-222.wav,194841,111.0,115.0,1,2,9,street_music
122738-9-0-5.wav,122738,3.121431,7.121430999999999,2,6,9,street_music
186339-9-0-18.wav,186339,9.0,13.0,2,3,9,street_music
26270-9-0-3.wav,26270,1.5,5.5,1,1,9,street_music
61791-9-1-42.wav,61791,76.53244699999999,80.53244699999999,1,3,9,street_music
155227-9-0-24.wav,155227,12.0,16.0,1,3,9,street_music
155227-9-0-2.wav,155227,1.0,5.0,1,3,9,street_music
39970-9-0-46.wav,39970,26.690714,30.690714,1,2,9,street_music
109263-9-0-54.wav,109263,27.0,31.0,1,5,9,street_music
26270-9-0-23.wav,26270,11.5,15.5,1,1,9,street_music
155243-9-0-18.wav,155243,9.0,13.0,2,5,9,street_music
44325-9-0-21.wav,44325,10.5,14.5,2,6,9,street_music
115241-9-0-1.wav,115241,0.5,4.5,1,10,9,street_music
155202-9-0-42.wav,155202,21.0,25.0,1,1,9,street_music
115241-9-0-14.wav,115241,7.0,11.0,1,10,9,street_music
157940-9-0-6.wav,157940,3.0,7.0,1,7,9,street_music
194910-9-0-63.wav,194910,31.5,35.5,1,5,9,street_music
99710-9-0-5.wav,99710,2.5,6.5,1,6,9,street_music
60608-9-0-1.wav,60608,0.5,4.5,1,4,9,street_music
66000-9-0-3.wav,66000,1.5,5.5,2,6,9,street_music
164344-9-0-38.wav,164344,19.0,23.0,1,5,9,street_music
171388-9-0-225.wav,171388,112.5,116.5,2,5,9,street_music
180057-9-0-36.wav,180057,18.0,22.0,2,3,9,street_music
194458-9-1-122.wav,194458,163.261507,167.261507,2,4,9,street_music
145390-9-0-34.wav,145390,17.0,21.0,1,9,9,street_music
7390-9-0-3.wav,7390,1.5,5.5,2,8,9,street_music
178099-9-0-0.wav,178099,0.0,4.0,1,5,9,street_music
66599-9-1-11.wav,66599,126.663039,130.663039,2,8,9,street_music
115415-9-0-5.wav,115415,3.099702,7.099702,2,4,9,street_music
115240-9-0-34.wav,115240,22.328996,26.328996,1,8,9,street_music
76585-9-0-57.wav,76585,28.5,32.5,1,4,9,street_music
46656-6-2-0.wav,46656,5.549692,7.046871,1,1,6,gun_shot
135527-6-14-3.wav,135527,49.906976,53.906976,2,7,6,gun_shot
135526-6-2-0.wav,135526,6.457848,9.045825,1,3,6,gun_shot
46654-6-0-0.wav,46654,0.084334,1.222838,1,1,6,gun_shot
135528-6-4-2.wav,135528,22.359911,26.359911,2,4,6,gun_shot
174282-6-2-0.wav,174282,5.210563,8.995904,1,9,6,gun_shot
135544-6-3-0.wav,135544,23.776726,25.273164,1,6,6,gun_shot
145683-6-5-0.wav,145683,26.109938,26.612052,2,9,6,gun_shot
46656-6-5-0.wav,46656,10.761675,12.112513,1,1,6,gun_shot
148827-6-4-0.wav,148827,5.17942,5.746939,1,7,6,gun_shot
163460-6-0-0.wav,163460,0.0,0.672222,1,2,6,gun_shot
135527-6-14-9.wav,135527,52.906976,56.906976,2,7,6,gun_shot
157207-6-10-0.wav,157207,18.830944,20.802585,1,10,6,gun_shot
135528-6-4-0.wav,135528,21.359911,25.359911,2,4,6,gun_shot
157207-6-3-0.wav,157207,9.504019,10.401293,1,10,6,gun_shot
197318-6-5-0.wav,197318,13.70439,15.411163,1,1,6,gun_shot
102305-6-0-0.wav,102305,0.0,2.61161,1,1,6,gun_shot
162435-6-3-0.wav,162435,2.27278,3.004229,1,4,6,gun_shot
64346-6-0-0.wav,64346,0.076806,1.581198,1,6,6,gun_shot
145608-6-2-0.wav,145608,5.875533,6.833593,2,2,6,gun_shot
135526-6-0-0.wav,135526,3.531258,5.006647,1,3,6,gun_shot
159702-6-5-0.wav,159702,3.003087,3.621884,1,6,6,gun_shot
135544-6-17-0.wav,135544,42.731599,44.338884,1,6,6,gun_shot
174282-6-0-0.wav,174282,0.0,2.588937,1,9,6,gun_shot
174290-6-1-0.wav,174290,5.355833,7.889612,1,1,6,gun_shot
148837-6-0-0.wav,148837,0.564257,1.772279,1,4,6,gun_shot
162434-6-0-0.wav,162434,0.354842,1.173267,1,6,6,gun_shot
159709-6-0-0.wav,159709,0.0,1.92,1,10,6,gun_shot
159708-6-6-0.wav,159708,1.822596,2.453333,1,7,6,gun_shot
84254-6-0-0.wav,84254,0.314041,1.369388,1,5,6,gun_shot
135527-6-10-0.wav,135527,32.860655,33.714179,2,7,6,gun_shot
145611-6-3-0.wav,145611,17.855555,18.975026,2,5,6,gun_shot
135527-6-4-0.wav,135527,10.486146,12.680921,2,7,6,gun_shot
76091-6-4-0.wav,76091,4.212529,4.378813,1,2,6,gun_shot
197320-6-2-0.wav,197320,4.914352,7.290776,1,2,6,gun_shot
145683-6-0-0.wav,145683,2.970842,4.205206,2,9,6,gun_shot
135544-6-0-0.wav,135544,1.551861,3.879652,1,6,6,gun_shot
43806-8-0-0.wav,43806,0.0,4.0,1,1,8,siren
24347-8-0-66.wav,24347,37.120371,41.120371,2,4,8,siren
105289-8-1-0.wav,105289,40.426771,44.426771,1,7,8,siren
159747-8-0-0.wav,159747,2.283772,6.283772,2,2,8,siren
135160-8-0-6.wav,135160,126.307227,130.307227,2,6,8,siren
159742-8-0-14.wav,159742,7.129945,11.129945,2,10,8,siren
117181-8-0-5.wav,117181,2.5,6.5,1,8,8,siren
159754-8-1-0.wav,159754,5.616059,6.311854,1,5,8,siren
159752-8-2-2.wav,159752,37.303143,41.303143,2,4,8,siren
159751-8-0-2.wav,159751,2.1504950000000003,6.150495,2,4,8,siren
165166-8-0-2.wav,165166,1.833454,5.833454,1,10,8,siren
159742-8-0-11.wav,159742,5.629945,9.629945,2,10,8,siren
93567-8-0-11.wav,93567,9.544365,13.544365,2,10,8,siren
43805-8-0-0.wav,43805,49.532944,53.532944,1,7,8,siren
22601-8-0-11.wav,22601,5.5,9.5,2,3,8,siren
157866-8-0-14.wav,157866,7.0,11.0,1,9,8,siren
111671-8-0-8.wav,111671,5.197766,9.197766,1,5,8,siren
157867-8-0-27.wav,157867,13.5,17.5,1,1,8,siren
203913-8-0-1.wav,203913,0.5,4.5,1,5,8,siren
158608-8-0-2.wav,158608,8.309707,12.309707,2,4,8,siren
203913-8-0-7.wav,203913,3.5,7.5,1,5,8,siren
107357-8-1-15.wav,107357,166.517232,170.517232,2,7,8,siren
105289-8-2-4.wav,105289,55.012464,59.012464,2,7,8,siren
74364-8-1-22.wav,74364,150.03796,154.03796,2,10,8,siren
24347-8-0-78.wav,24347,43.120371,47.120371,2,4,8,siren
203913-8-1-2.wav,203913,43.137646,47.137646,2,5,8,siren
75490-8-0-1.wav,75490,0.5,4.5,1,6,8,siren
22601-8-0-8.wav,22601,4.0,8.0,2,3,8,siren
74726-8-0-16.wav,74726,8.523561,12.523561,2,6,8,siren
24347-8-0-29.wav,24347,18.620371,22.620371,2,4,8,siren
156868-8-0-0.wav,156868,0.29819,1.043666,1,4,8,siren
159742-8-0-7.wav,159742,3.629945,7.629945,2,10,8,siren
159752-8-0-3.wav,159752,1.5,5.5,2,4,8,siren
22601-8-0-14.wav,22601,7.0,11.0,2,3,8,siren
148632-8-0-3.wav,148632,131.295722,135.295722,2,8,8,siren
42117-8-0-12.wav,42117,94.660252,98.660252,2,3,8,siren
159744-8-0-13.wav,159744,6.5,10.5,2,9,8,siren
74364-8-1-7.wav,74364,142.53796,146.53796,2,10,8,siren
157866-8-0-10.wav,157866,5.0,9.0,1,9,8,siren
107357-8-1-5.wav,107357,161.517232,165.517232,2,7,8,siren
157866-8-0-8.wav,157866,4.0,8.0,1,9,8,siren
42117-8-0-14.wav,42117,95.660252,99.660252,2,3,8,siren
91396-8-0-3.wav,91396,123.091247,127.091247,2,2,8,siren
118279-8-0-3.wav,118279,1.5,5.5,2,1,8,siren
22601-8-0-31.wav,22601,15.5,19.5,2,3,8,siren
157868-8-0-8.wav,157868,4.0,8.0,1,8,8,siren
159742-8-0-5.wav,159742,2.629945,6.629945,2,10,8,siren
94636-8-0-9.wav,94636,4.5,8.5,2,3,8,siren
159748-8-2-8.wav,159748,34.287195,38.287195,1,9,8,siren
24347-8-0-38.wav,24347,23.120371,27.120371,2,4,8,siren
102871-8-0-9.wav,102871,4.5,8.5,1,2,8,siren
159752-8-2-3.wav,159752,37.803143,41.803143,2,4,8,siren
74364-8-1-6.wav,74364,142.03796,146.03796,2,10,8,siren
34952-8-0-1.wav,34952,0.5,4.5,2,6,8,siren
107357-8-1-2.wav,107357,160.017232,164.017232,2,7,8,siren
157866-8-0-9.wav,157866,4.5,8.5,1,9,8,siren
148632-8-0-4.wav,148632,131.795722,135.795722,2,8,8,siren
74726-8-0-14.wav,74726,7.523561,11.523561,2,6,8,siren
40722-8-0-5.wav,40722,2.5,6.5,2,1,8,siren
57323-8-0-10.wav,57323,16.964873,20.964873,2,7,8,siren
159752-8-0-1.wav,159752,0.5,4.5,2,4,8,siren
164053-8-2-3.wav,164053,23.160377,27.160377,2,1,8,siren
34952-8-0-0.wav,34952,0.0,4.0,2,6,8,siren
22601-8-0-33.wav,22601,16.5,20.5,2,3,8,siren
123688-8-2-4.wav,123688,73.53549,77.53549,2,2,8,siren
124389-8-1-6.wav,124389,198.913986,202.913986,2,6,8,siren
57323-8-2-0.wav,57323,47.816987,49.98469,2,7,8,siren
159754-8-0-0.wav,159754,0.265065,1.34189,1,5,8,siren
111671-8-0-19.wav,111671,10.697766,14.697766,1,5,8,siren
24347-8-0-51.wav,24347,29.620371,33.620371,2,4,8,siren
22601-8-0-7.wav,22601,3.5,7.5,2,3,8,siren
98525-8-0-0.wav,98525,0.0,4.0,1,7,8,siren
157866-8-0-3.wav,157866,1.5,5.5,1,9,8,siren
22601-8-0-9.wav,22601,4.5,8.5,2,3,8,siren
107357-8-1-7.wav,107357,162.517232,166.517232,2,7,8,siren
156868-8-3-0.wav,156868,4.994686,5.58429,1,4,8,siren
106905-8-0-1.wav,106905,44.136489,48.136489,2,1,8,siren
22601-8-0-36.wav,22601,18.0,22.0,2,3,8,siren
24347-8-0-6.wav,24347,7.120371,11.120371,2,4,8,siren
159751-8-0-6.wav,159751,4.150495,8.150495,2,4,8,siren
74726-8-0-6.wav,74726,3.523561,7.523561,2,6,8,siren
90014-8-0-5.wav,90014,2.5,6.5,1,3,8,siren
157868-8-0-4.wav,157868,2.0,6.0,1,8,8,siren
157868-8-0-17.wav,157868,8.5,12.5,1,8,8,siren
123688-8-0-15.wav,123688,21.675572000000003,25.675572000000003,2,2,8,siren
22601-8-0-50.wav,22601,25.0,29.0,2,3,8,siren
94636-8-0-15.wav,94636,7.5,11.5,2,3,8,siren
159738-8-0-11.wav,159738,6.246987,10.246987,2,1,8,siren
123688-8-0-18.wav,123688,23.175572000000003,27.175572000000003,2,2,8,siren
93567-8-0-15.wav,93567,11.544365,15.544365,2,10,8,siren
94636-8-0-18.wav,94636,9.0,13.0,2,3,8,siren
157868-8-0-10.wav,157868,5.0,9.0,1,8,8,siren
159747-8-0-4.wav,159747,4.283772,8.283771999999999,2,2,8,siren
17578-5-0-5.wav,17578,2.5,6.5,1,5,5,engine_idling
21187-5-0-0.wav,21187,0.0,1.22034,1,5,5,engine_idling
22885-5-0-0.wav,22885,2.17286,6.17286,1,9,5,engine_idling
201652-5-3-1.wav,201652,124.701485,128.701485,1,2,5,engine_idling
15544-5-0-15.wav,15544,36.76666,40.76666,1,10,5,engine_idling
201652-5-5-4.wav,201652,260.809406,264.809406,1,2,5,engine_idling
195451-5-0-15.wav,195451,9.749062,13.749062,1,3,5,engine_idling
17578-5-0-3.wav,17578,1.5,5.5,1,5,5,engine_idling
50668-5-0-0.wav,50668,0.0,4.0,1,8,5,engine_idling
111386-5-1-4.wav,111386,30.890258,34.890258,1,6,5,engine_idling
39856-5-0-3.wav,39856,1.5,5.5,1,9,5,engine_idling
106014-5-0-0.wav,106014,4.400954,8.400953999999999,1,10,5,engine_idling
195451-5-0-5.wav,195451,4.749062,8.749062,1,3,5,engine_idling
94632-5-0-28.wav,94632,37.60467,41.60467,2,6,5,engine_idling
81068-5-2-0.wav,81068,40.778969,43.470528,1,4,5,engine_idling
62567-5-0-4.wav,62567,2.0,6.0,1,9,5,engine_idling
144007-5-0-10.wav,144007,7.488552,11.488552,1,4,5,engine_idling
62566-5-0-0.wav,62566,0.0,4.0,1,5,5,engine_idling
26184-5-2-0.wav,26184,8.581846,9.709976,1,5,5,engine_idling
144068-5-0-15.wav,144068,30.294739,34.294739,1,3,5,engine_idling
176787-5-0-22.wav,176787,11.0,15.0,1,1,5,engine_idling
113202-5-0-28.wav,113202,14.0,18.0,1,8,5,engine_idling
152908-5-0-11.wav,152908,5.5,9.5,1,2,5,engine_idling
17592-5-1-0.wav,17592,8.921326,12.921326,1,1,5,engine_idling
113205-5-1-7.wav,113205,30.54,34.54,1,1,5,engine_idling
119455-5-0-0.wav,119455,0.446601,4.446601,1,1,5,engine_idling
106015-5-0-9.wav,106015,7.984984,11.984984,1,2,5,engine_idling
94632-5-1-19.wav,94632,126.21198,130.21197999999998,2,6,5,engine_idling
62567-5-0-7.wav,62567,3.5,7.5,1,9,5,engine_idling
89724-5-0-4.wav,89724,7.221276,11.221276,1,5,5,engine_idling
146186-5-0-0.wav,146186,0.0,4.0,1,1,5,engine_idling
111386-5-1-7.wav,111386,32.390258,36.390258,1,6,5,engine_idling
195451-5-0-10.wav,195451,7.249062,11.249062,1,3,5,engine_idling
17578-5-0-14.wav,17578,7.0,11.0,1,5,5,engine_idling
152908-5-0-10.wav,152908,5.0,9.0,1,2,5,engine_idling
113203-5-5-0.wav,113203,125.094118,128.351176,1,8,5,engine_idling
201988-5-0-15.wav,201988,9.171607,13.171607,1,7,5,engine_idling
17853-5-0-2.wav,17853,16.323532999999998,20.323533,1,3,5,engine_idling
62567-5-0-6.wav,62567,3.0,7.0,1,9,5,engine_idling
103258-5-0-14.wav,103258,7.0,11.0,1,1,5,engine_idling
144068-5-0-7.wav,144068,26.294739,30.294739,1,3,5,engine_idling
106015-5-0-4.wav,106015,5.484984,9.484984,1,2,5,engine_idling
144068-5-0-0.wav,144068,22.794739,26.794739,1,3,5,engine_idling
94632-5-0-29.wav,94632,38.10467,42.10467,2,6,5,engine_idling
144007-5-0-9.wav,144007,6.988552,10.988552,1,4,5,engine_idling
143970-5-0-3.wav,143970,5.930266,9.930266,1,2,5,engine_idling
78651-5-0-3.wav,78651,1.5,5.5,1,6,5,engine_idling
186938-5-0-0.wav,186938,2.72963,4.539396,1,4,5,engine_idling
156634-5-0-5.wav,156634,2.5,6.5,1,5,5,engine_idling
39884-5-0-7.wav,39884,11.585243,15.585243,1,6,5,engine_idling
177592-5-0-4.wav,177592,2.0,6.0,2,2,5,engine_idling
62564-5-0-6.wav,62564,10.431757,14.431757,1,6,5,engine_idling
128160-5-0-14.wav,128160,7.0,11.0,1,4,5,engine_idling
17853-5-0-10.wav,17853,20.323533,24.323533,1,3,5,engine_idling
102857-5-0-3.wav,102857,1.5,5.5,1,10,5,engine_idling
102857-5-0-9.wav,102857,4.5,8.5,1,10,5,engine_idling
194962-5-0-1.wav,194962,4.651762,8.651762,1,7,5,engine_idling
102857-5-0-18.wav,102857,9.0,13.0,1,10,5,engine_idling
118558-5-1-0.wav,118558,31.128617,35.128617,1,10,5,engine_idling
39857-5-0-2.wav,39857,1.0,5.0,1,7,5,engine_idling
144007-5-0-6.wav,144007,5.488552,9.488552,1,4,5,engine_idling
103258-5-0-1.wav,103258,0.5,4.5,1,1,5,engine_idling
176787-5-0-16.wav,176787,8.0,12.0,1,1,5,engine_idling
113205-5-1-6.wav,113205,30.04,34.04,1,1,5,engine_idling
187075-5-0-1.wav,187075,3.946779,7.946778999999999,2,9,5,engine_idling
201988-5-0-2.wav,201988,2.671607,6.671607,1,7,5,engine_idling
201652-5-3-3.wav,201652,125.701485,129.701485,1,2,5,engine_idling
50668-5-5-0.wav,50668,31.715071,35.715070999999995,1,8,5,engine_idling
103258-5-0-7.wav,103258,3.5,7.5,1,1,5,engine_idling
176787-5-0-17.wav,176787,8.5,12.5,1,1,5,engine_idling
106487-5-0-2.wav,106487,1.0,5.0,1,5,5,engine_idling
168846-5-1-9.wav,168846,71.519979,75.519979,2,7,5,engine_idling
17853-5-0-8.wav,17853,19.323533,23.323533,1,3,5,engine_idling
23218-5-0-0.wav,23218,1.35891,2.882536,1,10,5,engine_idling
144007-5-0-21.wav,144007,12.988552,16.988552,1,4,5,engine_idling
144007-5-0-19.wav,144007,11.988552,15.988552,1,4,5,engine_idling
201652-5-1-0.wav,201652,38.967822,42.967822,1,2,5,engine_idling
103249-5-0-14.wav,103249,7.0,11.0,1,9,5,engine_idling
17853-5-0-7.wav,17853,18.823533,22.823533,1,3,5,engine_idling
144007-5-1-5.wav,144007,71.262626,75.262626,1,4,5,engine_idling
201652-5-5-5.wav,201652,261.309406,265.309406,1,2,5,engine_idling
103258-5-0-3.wav,103258,1.5,5.5,1,1,5,engine_idling
143970-5-0-1.wav,143970,4.930266,8.930266,1,2,5,engine_idling
103258-5-0-4.wav,103258,2.0,6.0,1,1,5,engine_idling
144068-5-0-14.wav,144068,29.794739,33.794739,1,3,5,engine_idling
176787-5-0-21.wav,176787,10.5,14.5,1,1,5,engine_idling
94710-5-1-0.wav,94710,23.239672,25.325283,1,2,5,engine_idling
209992-5-2-114.wav,209992,165.409901,169.409901,1,7,5,engine_idling
23219-5-0-7.wav,23219,5.627165,9.627165,1,5,5,engine_idling
144068-5-0-6.wav,144068,25.794739,29.794739,1,3,5,engine_idling
154758-5-0-0.wav,154758,0.0,4.0,1,4,5,engine_idling
156634-5-2-6.wav,156634,45.99745,49.99745,1,5,5,engine_idling
17578-5-0-6.wav,17578,3.0,7.0,1,5,5,engine_idling
118558-5-0-0.wav,118558,19.743613,23.743613,1,10,5,engine_idling
39854-5-1-3.wav,39854,145.573254,149.573254,1,6,5,engine_idling
156634-5-0-2.wav,156634,1.0,5.0,1,5,5,engine_idling
26184-5-4-1.wav,26184,15.971497,19.971497,1,5,5,engine_idling
106015-5-0-15.wav,106015,10.984984,14.984984,1,2,5,engine_idling
103258-5-0-18.wav,103258,9.0,13.0,1,1,5,engine_idling
39857-5-3-0.wav,39857,25.481925,29.028577,1,7,5,engine_idling
180937-7-1-15.wav,180937,200.915715,204.915715,1,1,7,jackhammer
22883-7-39-0.wav,22883,237.840726,241.840726,1,4,7,jackhammer
22883-7-43-2.wav,22883,262.822152,266.822152,1,4,7,jackhammer
203929-7-3-2.wav,203929,111.263963,115.263963,2,2,7,jackhammer
171305-7-8-1.wav,171305,40.773569,44.773569,1,4,7,jackhammer
203929-7-5-6.wav,203929,174.882059,178.882059,2,2,7,jackhammer
188823-7-6-0.wav,188823,54.407143,56.242678,1,9,7,jackhammer
180937-7-0-6.wav,180937,174.272327,178.272327,1,1,7,jackhammer
54697-7-0-3.wav,54697,1.5,5.5,1,6,7,jackhammer
119809-7-0-1.wav,119809,0.967382,4.967382,2,9,7,jackhammer
30206-7-0-37.wav,30206,18.5,22.5,1,6,7,jackhammer
104998-7-8-6.wav,104998,174.694471,178.694471,1,5,7,jackhammer
188824-7-6-0.wav,188824,10.549713,11.423654,2,3,7,jackhammer
90013-7-1-4.wav,90013,59.903068,63.903068,1,5,7,jackhammer
73623-7-1-0.wav,73623,3.125816,7.125816,1,2,7,jackhammer
62837-7-1-35.wav,62837,279.206708,283.206708,1,3,7,jackhammer
162134-7-13-4.wav,162134,233.710919,237.710919,1,10,7,jackhammer
62837-7-1-11.wav,62837,267.206708,271.206708,1,3,7,jackhammer
22883-7-77-0.wav,22883,436.898523,438.244114,1,4,7,jackhammer
165039-7-10-1.wav,165039,128.966896,132.966896,1,3,7,jackhammer
180937-7-3-17.wav,180937,313.084561,317.084561,2,1,7,jackhammer
125678-7-3-4.wav,125678,74.177418,78.177418,1,8,7,jackhammer
169098-7-4-1.wav,169098,84.011652,88.011652,2,2,7,jackhammer
180937-7-1-7.wav,180937,196.915715,200.915715,1,1,7,jackhammer
132021-7-0-2.wav,132021,5.0349,9.0349,2,6,7,jackhammer
148463-7-3-2.wav,148463,293.484445,297.484445,2,4,7,jackhammer
105029-7-1-9.wav,105029,42.257219,46.257219,1,9,7,jackhammer
98223-7-4-0.wav,98223,31.965806,33.573371,1,1,7,jackhammer
62837-7-1-41.wav,62837,282.206708,286.206708,1,3,7,jackhammer
77751-7-1-0.wav,77751,7.590495,11.590495,1,7,7,jackhammer
165774-7-1-0.wav,165774,3.040349,4.60161,1,5,7,jackhammer
119809-7-0-4.wav,119809,2.467382,6.467382000000001,2,9,7,jackhammer
188823-7-2-2.wav,188823,27.638791,31.638791,1,9,7,jackhammer
178261-7-1-0.wav,178261,4.265171,8.265170999999999,1,10,7,jackhammer
169098-7-4-0.wav,169098,83.511652,87.511652,2,2,7,jackhammer
132016-7-0-2.wav,132016,77.564653,81.564653,2,4,7,jackhammer
203929-7-7-0.wav,203929,300.388222,304.388222,2,2,7,jackhammer
180937-7-4-7.wav,180937,466.703523,470.703523,2,1,7,jackhammer
62837-7-1-4.wav,62837,263.706708,267.706708,1,3,7,jackhammer
104998-7-19-7.wav,104998,533.628805,537.628805,1,5,7,jackhammer
165039-7-17-0.wav,165039,284.561081,288.561081,1,3,7,jackhammer
105029-7-1-4.wav,105029,39.757219,43.757219,1,9,7,jackhammer
162134-7-9-1.wav,162134,163.075726,167.075726,1,10,7,jackhammer
90013-7-1-5.wav,90013,60.403068,64.40306799999999,1,5,7,jackhammer
162134-7-5-0.wav,162134,120.266429,122.246864,1,10,7,jackhammer
162134-7-13-1.wav,162134,232.210919,236.210919,1,10,7,jackhammer
62837-7-1-81.wav,62837,302.206708,306.206708,1,3,7,jackhammer
188813-7-13-0.wav,188813,67.911652,70.560917,1,10,7,jackhammer
177537-7-0-26.wav,177537,13.0,17.0,2,7,7,jackhammer
33340-7-16-0.wav,33340,70.64292,72.270905,1,8,7,jackhammer
180937-7-3-7.wav,180937,308.084561,312.084561,2,1,7,jackhammer
62837-7-0-7.wav,62837,3.5,7.5,1,3,7,jackhammer
162134-7-10-2.wav,162134,179.959326,183.959326,1,10,7,jackhammer
180937-7-4-14.wav,180937,470.203523,474.203523,2,1,7,jackhammer
104998-7-10-1.wav,104998,260.47552,264.47552,1,5,7,jackhammer
104998-7-11-2.wav,104998,298.367744,302.367744,1,5,7,jackhammer
188823-7-1-2.wav,188823,14.742981,18.742981,1,9,7,jackhammer
103074-7-2-0.wav,103074,42.347083,43.727176,1,1,7,jackhammer
14772-7-2-0.wav,14772,8.715439,9.86442,1,7,7,jackhammer
31884-7-0-0.wav,31884,0.0,4.0,1,3,7,jackhammer
162134-7-2-0.wav,162134,27.195757,31.195757,1,10,7,jackhammer
104998-7-18-3.wav,104998,496.891651,500.891651,1,5,7,jackhammer
180937-7-3-1.wav,180937,305.084561,309.084561,2,1,7,jackhammer
132021-7-0-12.wav,132021,10.0349,14.0349,2,6,7,jackhammer
188813-7-4-0.wav,188813,11.566304,14.603267,1,10,7,jackhammer
203929-7-7-15.wav,203929,307.888222,311.888222,2,2,7,jackhammer
203929-7-3-5.wav,203929,112.763963,116.763963,2,2,7,jackhammer
62837-7-0-2.wav,62837,1.0,5.0,1,3,7,jackhammer
104998-7-7-9.wav,104998,146.324943,150.324943,1,5,7,jackhammer
180937-7-3-10.wav,180937,309.584561,313.584561,2,1,7,jackhammer
105029-7-2-13.wav,105029,80.027216,84.027216,1,9,7,jackhammer
178260-7-4-0.wav,178260,73.704037,77.704037,1,5,7,jackhammer
187920-7-1-2.wav,187920,8.368554,12.368554,1,5,7,jackhammer
22883-7-44-0.wav,22883,272.586882,276.586882,1,4,7,jackhammer
162134-7-17-1.wav,162134,315.749276,319.749276,1,10,7,jackhammer
162134-7-16-0.wav,162134,301.20619,305.20619,1,10,7,jackhammer
203929-7-2-2.wav,203929,81.265679,85.265679,2,2,7,jackhammer
104998-7-16-0.wav,104998,422.155994,426.155994,1,5,7,jackhammer
187920-7-1-1.wav,187920,7.868554,11.868554,1,5,7,jackhammer
162134-7-8-4.wav,162134,139.730266,143.730266,1,10,7,jackhammer
203929-7-5-7.wav,203929,175.382059,179.382059,2,2,7,jackhammer
104998-7-7-0.wav,104998,141.824943,145.824943,1,5,7,jackhammer
162134-7-12-4.wav,162134,216.247081,220.247081,1,10,7,jackhammer
104998-7-7-1.wav,104998,142.324943,146.324943,1,5,7,jackhammer
165039-7-10-0.wav,165039,128.466896,132.466896,1,3,7,jackhammer
180937-7-3-15.wav,180937,312.084561,316.084561,2,1,7,jackhammer
98859-7-2-4.wav,98859,11.874292,15.874292,1,9,7,jackhammer
22883-7-100-0.wav,22883,543.499251,545.712001,1,4,7,jackhammer
22883-7-63-0.wav,22883,380.234181,382.297421,2,4,7,jackhammer
165039-7-16-0.wav,165039,266.373115,270.286981,1,3,7,jackhammer
171305-7-0-0.wav,171305,0.579476,3.283696,1,4,7,jackhammer
177537-7-0-9.wav,177537,4.5,8.5,2,7,7,jackhammer
180937-7-1-2.wav,180937,194.415715,198.415715,1,1,7,jackhammer
132021-7-1-0.wav,132021,34.268231,38.246301,1,6,7,jackhammer
30206-7-0-15.wav,30206,7.5,11.5,1,6,7,jackhammer
177537-7-0-23.wav,177537,11.5,15.5,2,7,7,jackhammer
22883-7-83-0.wav,22883,468.983398,471.584875,1,4,7,jackhammer
105029-7-1-0.wav,105029,37.757219,41.757219,1,9,7,jackhammer
104998-7-2-5.wav,104998,62.902823,66.902823,1,5,7,jackhammer
31884-7-1-2.wav,31884,13.954032,17.954031999999998,1,3,7,jackhammer
205874-4-3-0.wav,205874,7.137635,7.969825,1,5,4,drilling
58005-4-0-70.wav,58005,40.065261,44.065261,1,6,4,drilling
58937-4-0-12.wav,58937,7.200341,11.200341,1,9,4,drilling
50629-4-1-11.wav,50629,21.013354,25.013354,1,7,4,drilling
180127-4-0-20.wav,180127,10.677342,14.677342,1,10,4,drilling
54976-4-0-1.wav,54976,6.193949,10.193949,1,9,4,drilling
46669-4-0-26.wav,46669,13.0,17.0,1,1,4,drilling
205610-4-0-3.wav,205610,1.672531,5.672531,1,8,4,drilling
74922-4-0-5.wav,74922,2.5,6.5,1,10,4,drilling
137815-4-0-5.wav,137815,2.706472,6.706472,1,9,4,drilling
69598-4-9-0.wav,69598,80.317112,83.921397,1,3,4,drilling
118278-4-0-9.wav,118278,4.5,8.5,2,10,4,drilling
46669-4-0-4.wav,46669,2.0,6.0,1,1,4,drilling
99192-4-0-0.wav,99192,0.0,4.0,1,10,4,drilling
78360-4-0-20.wav,78360,10.0,14.0,1,1,4,drilling
76086-4-0-38.wav,76086,19.0,23.0,1,2,4,drilling
167701-4-0-0.wav,167701,4.104292,5.435414,1,6,4,drilling
76085-4-0-93.wav,76085,46.5,50.5,1,8,4,drilling
59595-4-0-1.wav,59595,46.245538,50.245538,2,8,4,drilling
168037-4-3-0.wav,168037,123.054725,124.949332,1,8,4,drilling
29721-4-0-10.wav,29721,5.0,9.0,1,3,4,drilling
144351-4-3-11.wav,144351,44.419441,48.419441,1,4,4,drilling
180125-4-0-16.wav,180125,8.0,12.0,1,5,4,drilling
205874-4-9-0.wav,205874,20.612721,21.636955,1,5,4,drilling
156362-4-0-1.wav,156362,111.910002,115.910002,2,4,4,drilling
161129-4-0-3.wav,161129,9.775687,13.775687,1,8,4,drilling
127538-4-1-0.wav,127538,6.434112,10.434112,1,9,4,drilling
99192-4-0-32.wav,99192,16.0,20.0,1,10,4,drilling
76086-4-0-53.wav,76086,26.5,30.5,1,2,4,drilling
78360-4-0-8.wav,78360,4.0,8.0,1,1,4,drilling
169466-4-3-9.wav,169466,207.787355,211.787355,2,4,4,drilling
137815-4-0-8.wav,137815,4.206472,8.206472,1,9,4,drilling
46668-4-0-2.wav,46668,1.306953,5.306953,1,2,4,drilling
187863-4-0-1.wav,187863,0.5,4.5,1,10,4,drilling
180029-4-9-0.wav,180029,26.494534,28.708088,1,9,4,drilling
151005-4-0-1.wav,151005,1.024393,5.024393,1,4,4,drilling
54976-4-1-0.wav,54976,77.297309,81.297309,1,9,4,drilling
34621-4-25-0.wav,34621,25.059446,25.751074,1,2,4,drilling
76086-4-0-50.wav,76086,25.0,29.0,1,2,4,drilling
107842-4-2-2.wav,107842,14.811801,18.811801000000003,1,6,4,drilling
169466-4-0-8.wav,169466,4.0,8.0,2,4,4,drilling
127443-4-0-6.wav,127443,118.015008,122.015008,1,7,4,drilling
168037-4-0-0.wav,168037,1.302542,3.362927,1,8,4,drilling
99192-4-0-1.wav,99192,0.5,4.5,1,10,4,drilling
167702-4-2-0.wav,167702,17.67237,20.678121,1,8,4,drilling
166931-4-4-0.wav,166931,223.545085,227.545085,1,6,4,drilling
77774-4-0-3.wav,77774,1.5,5.5,1,5,4,drilling
37560-4-0-4.wav,37560,2.0,6.0,1,3,4,drilling
180132-4-0-0.wav,180132,0.355545,3.806421,1,8,4,drilling
71171-4-2-0.wav,71171,64.823888,68.823888,1,5,4,drilling
34621-4-1-0.wav,34621,2.68609,3.82808,1,2,4,drilling
76085-4-0-62.wav,76085,31.0,35.0,1,8,4,drilling
165785-4-4-0.wav,165785,5.132783,6.416934,1,4,4,drilling
34621-4-18-0.wav,34621,19.73552,20.346726,1,2,4,drilling
104625-4-0-15.wav,104625,13.751409,17.751409,1,7,4,drilling
104625-4-0-41.wav,104625,26.751409,30.751409,1,7,4,drilling
42937-4-0-1.wav,42937,0.5,4.5,1,3,4,drilling
103199-4-2-2.wav,103199,18.617205,22.617205,1,3,4,drilling
156362-4-3-5.wav,156362,311.617912,315.617912,2,4,4,drilling
71086-4-2-0.wav,71086,6.409867,8.598236,1,5,4,drilling
167701-4-9-1.wav,167701,42.763119,46.763119,1,6,4,drilling
107842-4-0-1.wav,107842,1.657328,5.657328,1,6,4,drilling
24364-4-0-7.wav,24364,4.133371,8.133371,1,6,4,drilling
156362-4-0-0.wav,156362,111.410002,115.410002,2,4,4,drilling
39532-4-1-0.wav,39532,1.741352,3.326502,1,9,4,drilling
55020-4-0-1.wav,55020,0.851364,4.851364,1,1,4,drilling
50629-4-1-2.wav,50629,16.513354,20.513354,1,7,4,drilling
74965-4-1-0.wav,74965,17.950435,21.950435,1,7,4,drilling
118278-4-0-3.wav,118278,1.5,5.5,2,10,4,drilling
24364-4-0-8.wav,24364,4.633371,8.633371,1,6,4,drilling
128607-4-0-4.wav,128607,2.181139,6.181139,1,4,4,drilling
185801-4-0-0.wav,185801,0.088953,4.088953,2,3,4,drilling
34621-4-8-0.wav,34621,12.288458,12.770989,1,2,4,drilling
58937-4-0-13.wav,58937,7.700341,11.700341,1,9,4,drilling
167701-4-6-3.wav,167701,20.135706,24.135706,1,6,4,drilling
167701-4-6-0.wav,167701,18.635706,22.635706,1,6,4,drilling
50415-4-0-1.wav,50415,0.5,4.5,1,7,4,drilling
104625-4-1-20.wav,104625,156.589168,160.589168,1,7,4,drilling
34621-4-7-0.wav,34621,11.677252,12.191951,1,2,4,drilling
167702-4-9-0.wav,167702,60.115029,63.048352,1,8,4,drilling
54976-4-0-2.wav,54976,6.693949,10.693949,1,9,4,drilling
118278-4-0-11.wav,118278,5.5,9.5,2,10,4,drilling
166931-4-3-1.wav,166931,85.928614,89.928614,1,6,4,drilling
118278-4-0-12.wav,118278,6.0,10.0,2,10,4,drilling
168037-4-2-0.wav,168037,109.839841,111.829179,1,8,4,drilling
29721-4-0-1.wav,29721,0.5,4.5,1,3,4,drilling
99192-4-0-55.wav,99192,27.5,31.5,1,10,4,drilling
57584-4-0-8.wav,57584,4.0,8.0,2,1,4,drilling
58937-4-5-2.wav,58937,123.754824,127.754824,1,9,4,drilling
169466-4-0-7.wav,169466,3.5,7.5,2,4,4,drilling
180125-4-3-0.wav,180125,115.566321,119.566321,1,5,4,drilling
180134-4-2-15.wav,180134,49.37811,53.37811,1,8,4,drilling
205874-4-4-0.wav,205874,8.33791,9.058074,1,5,4,drilling
156362-4-3-2.wav,156362,310.117912,314.117912,2,4,4,drilling
66622-4-0-3.wav,66622,1.5,5.5,1,3,4,drilling
180128-4-7-4.wav,180128,54.280249,58.280249,1,5,4,drilling
63095-4-0-14.wav,63095,16.99398,20.99398,1,3,4,drilling
127443-4-0-1.wav,127443,115.515008,119.515008,1,7,4,drilling
118278-4-0-0.wav,118278,0.0,4.0,2,10,4,drilling
71171-4-0-0.wav,71171,0.813427,4.813427,1,5,4,drilling
